{
  "success_rate": 0.0,
  "avg_reward": -46.39999999999997,
  "avg_steps": 50.0,
  "std_reward": 2.842170943040401e-14,
  "raw_data": {
    "episodes": 100,
    "successes": 0,
    "total_rewards": [
      -46.4,
      -46.4,
      -46.4,
      -46.4,
      -46.4,
      -46.4,
      -46.4,
      -46.4,
      -46.4,
      -46.4,
      -46.4,
      -46.4,
      -46.4,
      -46.4,
      -46.4,
      -46.4,
      -46.4,
      -46.4,
      -46.4,
      -46.4,
      -46.4,
      -46.4,
      -46.4,
      -46.4,
      -46.4,
      -46.4,
      -46.4,
      -46.4,
      -46.4,
      -46.4,
      -46.4,
      -46.4,
      -46.4,
      -46.4,
      -46.4,
      -46.4,
      -46.4,
      -46.4,
      -46.4,
      -46.4,
      -46.4,
      -46.4,
      -46.4,
      -46.4,
      -46.4,
      -46.4,
      -46.4,
      -46.4,
      -46.4,
      -46.4,
      -46.4,
      -46.4,
      -46.4,
      -46.4,
      -46.4,
      -46.4,
      -46.4,
      -46.4,
      -46.4,
      -46.4,
      -46.4,
      -46.4,
      -46.4,
      -46.4,
      -46.4,
      -46.4,
      -46.4,
      -46.4,
      -46.4,
      -46.4,
      -46.4,
      -46.4,
      -46.4,
      -46.4,
      -46.4,
      -46.4,
      -46.4,
      -46.4,
      -46.4,
      -46.4,
      -46.4,
      -46.4,
      -46.4,
      -46.4,
      -46.4,
      -46.4,
      -46.4,
      -46.4,
      -46.4,
      -46.4,
      -46.4,
      -46.4,
      -46.4,
      -46.4,
      -46.4,
      -46.4,
      -46.4,
      -46.4,
      -46.4,
      -46.4
    ],
    "steps_per_episode": [
      50,
      50,
      50,
      50,
      50,
      50,
      50,
      50,
      50,
      50,
      50,
      50,
      50,
      50,
      50,
      50,
      50,
      50,
      50,
      50,
      50,
      50,
      50,
      50,
      50,
      50,
      50,
      50,
      50,
      50,
      50,
      50,
      50,
      50,
      50,
      50,
      50,
      50,
      50,
      50,
      50,
      50,
      50,
      50,
      50,
      50,
      50,
      50,
      50,
      50,
      50,
      50,
      50,
      50,
      50,
      50,
      50,
      50,
      50,
      50,
      50,
      50,
      50,
      50,
      50,
      50,
      50,
      50,
      50,
      50,
      50,
      50,
      50,
      50,
      50,
      50,
      50,
      50,
      50,
      50,
      50,
      50,
      50,
      50,
      50,
      50,
      50,
      50,
      50,
      50,
      50,
      50,
      50,
      50,
      50,
      50,
      50,
      50,
      50,
      50
    ]
  }
}